staff_name,staff_kana,staff_mobilephone,staff_telephone,staff_postcode,staff_prefecture,staff_address,staff_registration_date
山田 太郎,ヤマダ タロウ,090-1234-5678,03-1234-5678,100-0001,東京都,千代田区1-1-1,2023/1/1
山田 次郎,ヤマダ タロウ,090-1234-5678,03-1234-5678,100-0001,東京都,千代田区1-1-1,2023/1/1
山田 三郎,ヤマダ タロウ,090-1234-5678,03-1234-5678,100-0001,東京都,千代田区1-1-1,2023/1/1
山田 減ん喜,ヤマダ タロウ,090-1234-5678,03-1234-5678,100-0001,東京都,千代田区1-1-1,2023/1/1
山田 温治,ヤマダ タロウ,090-1234-5678,03-1234-5678,100-0001,東京都,千代田区1-1-1,2023/1/1
山田 カナ増,ヤマダ タロウ,090-1234-5678,03-1234-5678,100-0001,東京都,千代田区1-1-1,2023/1/1
山田 山田,ヤマダ タロウ,090-1234-5678,03-1234-5678,100-0001,東京都,千代田区1-1-1,2023/1/1
,,,,,,,
,,,,,,,
,,,,,,,
,,,,,,,
,,,,,,,
,,,,,,,
,,,,,,,
,,,,,,,
,,,,,,,
,,,,,,,
